experiment_id,aggregation_level,metric,mean,std,ci_95,n_seeds
heterogeneous_encoder_1layer,hospital,accuracy,0.8567944895176017,0.05540214860552127,0.0361960704222739,9
heterogeneous_encoder_1layer,hospital,precision,0.829328631747082,0.09370598690441655,0.06122124477755214,9
heterogeneous_encoder_1layer,hospital,recall,0.8586860670194003,0.149375668350888,0.09759210332258016,9
heterogeneous_encoder_1layer,hospital,sensitivity,0.8586860670194003,0.149375668350888,0.09759210332258016,9
heterogeneous_encoder_1layer,hospital,specificity,0.5568253968253969,0.4190677078518128,0.2737909024631843,9
heterogeneous_encoder_1layer,hospital,f1,0.8398831800483735,0.11714526069376864,0.07653490365326218,9
heterogeneous_encoder_1layer,hospital,roc_auc,0.674157848324515,0.38192674044996483,0.24952547042731035,9
heterogeneous_encoder_1layer,hospital,pr_auc,0.8963807683299932,0.05785357181529796,0.037797666919328,9
heterogeneous_encoder_1layer,hospital,brier_score,0.10701088831259611,0.02814645844777023,0.018389019519209883,9
heterogeneous_encoder_1layer,hospital,ece,0.12339962295986344,0.03589799050287002,0.023453353795208413,9
heterogeneous_encoder_1layer,macro,accuracy,0.8567944895176017,0.010382560444722432,0.01174897317257059,3
heterogeneous_encoder_1layer,macro,precision,0.8293286317470819,0.015254471196016983,0.017262059180676963,3
heterogeneous_encoder_1layer,macro,recall,0.8586860670194003,0.03657403420812933,0.04138741585101154,3
heterogeneous_encoder_1layer,macro,sensitivity,0.8586860670194003,0.03657403420812933,0.04138741585101154,3
heterogeneous_encoder_1layer,macro,specificity,0.5568253968253969,0.00782943647945302,0.008859841427669943,3
heterogeneous_encoder_1layer,macro,f1,0.8398831800483736,0.030866921979364876,0.034929210399129315,3
heterogeneous_encoder_1layer,macro,roc_auc,0.6741578483245151,0.04982040532213663,0.05637709587078882,3
heterogeneous_encoder_1layer,macro,pr_auc,0.8963807683299931,0.018007493943775984,0.020377397692704455,3
heterogeneous_encoder_1layer,macro,brier_score,0.1070108883125961,0.007089597855661012,0.008022635211607674,3
heterogeneous_encoder_1layer,macro,ece,0.12339962295986344,0.027616587719221257,0.03125111093343096,3
heterogeneous_encoder_1layer,sample_weighted,accuracy,0.8440366972477064,0.01834862385321101,0.02076342252498471,3
heterogeneous_encoder_1layer,sample_weighted,precision,0.8022468027864682,0.019309832763070682,0.021851132801780408,3
heterogeneous_encoder_1layer,sample_weighted,recall,0.8356147759817484,0.050838946221063476,0.0575296834006539,3
heterogeneous_encoder_1layer,sample_weighted,sensitivity,0.8356147759817484,0.050838946221063476,0.0575296834006539,3
heterogeneous_encoder_1layer,sample_weighted,specificity,0.8209876543209876,0.010691671651659785,0.012098765432098821,3
heterogeneous_encoder_1layer,sample_weighted,f1,0.8139174671073631,0.04108559138932932,0.046492723406950744,3
heterogeneous_encoder_1layer,sample_weighted,roc_auc,0.7933964370661618,0.025762478576187183,0.02915298892426913,3
heterogeneous_encoder_1layer,sample_weighted,pr_auc,0.896620479236081,0.01094387380175499,0.012384159031424253,3
heterogeneous_encoder_1layer,sample_weighted,brier_score,0.11416526596269555,0.00760074360038097,0.008601051072893705,3
heterogeneous_encoder_1layer,sample_weighted,ece,0.1293788025104398,0.03085728688501316,0.03491830726346676,3
heterogeneous_encoder_2layer,hospital,accuracy,0.8567944895176017,0.05540214860552127,0.0361960704222739,9
heterogeneous_encoder_2layer,hospital,precision,0.829328631747082,0.09370598690441655,0.06122124477755214,9
heterogeneous_encoder_2layer,hospital,recall,0.8586860670194003,0.149375668350888,0.09759210332258016,9
heterogeneous_encoder_2layer,hospital,sensitivity,0.8586860670194003,0.149375668350888,0.09759210332258016,9
heterogeneous_encoder_2layer,hospital,specificity,0.5568253968253969,0.4190677078518128,0.2737909024631843,9
heterogeneous_encoder_2layer,hospital,f1,0.8398831800483735,0.11714526069376864,0.07653490365326218,9
heterogeneous_encoder_2layer,hospital,roc_auc,0.674157848324515,0.38192674044996483,0.24952547042731035,9
heterogeneous_encoder_2layer,hospital,pr_auc,0.8963807683299932,0.05785357181529796,0.037797666919328,9
heterogeneous_encoder_2layer,hospital,brier_score,0.10701088831259611,0.02814645844777023,0.018389019519209883,9
heterogeneous_encoder_2layer,hospital,ece,0.12339962295986344,0.03589799050287002,0.023453353795208413,9
heterogeneous_encoder_2layer,macro,accuracy,0.8567944895176017,0.010382560444722432,0.01174897317257059,3
heterogeneous_encoder_2layer,macro,precision,0.8293286317470819,0.015254471196016983,0.017262059180676963,3
heterogeneous_encoder_2layer,macro,recall,0.8586860670194003,0.03657403420812933,0.04138741585101154,3
heterogeneous_encoder_2layer,macro,sensitivity,0.8586860670194003,0.03657403420812933,0.04138741585101154,3
heterogeneous_encoder_2layer,macro,specificity,0.5568253968253969,0.00782943647945302,0.008859841427669943,3
heterogeneous_encoder_2layer,macro,f1,0.8398831800483736,0.030866921979364876,0.034929210399129315,3
heterogeneous_encoder_2layer,macro,roc_auc,0.6741578483245151,0.04982040532213663,0.05637709587078882,3
heterogeneous_encoder_2layer,macro,pr_auc,0.8963807683299931,0.018007493943775984,0.020377397692704455,3
heterogeneous_encoder_2layer,macro,brier_score,0.1070108883125961,0.007089597855661012,0.008022635211607674,3
heterogeneous_encoder_2layer,macro,ece,0.12339962295986344,0.027616587719221257,0.03125111093343096,3
heterogeneous_encoder_2layer,sample_weighted,accuracy,0.8440366972477064,0.01834862385321101,0.02076342252498471,3
heterogeneous_encoder_2layer,sample_weighted,precision,0.8022468027864682,0.019309832763070682,0.021851132801780408,3
heterogeneous_encoder_2layer,sample_weighted,recall,0.8356147759817484,0.050838946221063476,0.0575296834006539,3
heterogeneous_encoder_2layer,sample_weighted,sensitivity,0.8356147759817484,0.050838946221063476,0.0575296834006539,3
heterogeneous_encoder_2layer,sample_weighted,specificity,0.8209876543209876,0.010691671651659785,0.012098765432098821,3
heterogeneous_encoder_2layer,sample_weighted,f1,0.8139174671073631,0.04108559138932932,0.046492723406950744,3
heterogeneous_encoder_2layer,sample_weighted,roc_auc,0.7933964370661618,0.025762478576187183,0.02915298892426913,3
heterogeneous_encoder_2layer,sample_weighted,pr_auc,0.896620479236081,0.01094387380175499,0.012384159031424253,3
heterogeneous_encoder_2layer,sample_weighted,brier_score,0.11416526596269555,0.00760074360038097,0.008601051072893705,3
heterogeneous_encoder_2layer,sample_weighted,ece,0.1293788025104398,0.03085728688501316,0.03491830726346676,3
heterogeneous_fedadam_mlp,hospital,accuracy,0.8566846959295472,0.05562754679055208,0.03634333056982736,9
heterogeneous_fedadam_mlp,hospital,precision,0.8379317238966362,0.10317931865651206,0.06741048818892122,9
heterogeneous_fedadam_mlp,hospital,recall,0.8481040564373897,0.12404805347574233,0.08104472827081832,9
heterogeneous_fedadam_mlp,hospital,sensitivity,0.8481040564373897,0.12404805347574233,0.08104472827081832,9
heterogeneous_fedadam_mlp,hospital,specificity,0.5661904761904762,0.427564292814304,0.27934200463867864,9
heterogeneous_fedadam_mlp,hospital,f1,0.8406422544638663,0.10599043652457038,0.06924708519605265,9
heterogeneous_fedadam_mlp,hospital,roc_auc,0.6702766754850089,0.3742484053394426,0.2445089581551025,9
heterogeneous_fedadam_mlp,hospital,pr_auc,0.8859741676851723,0.06907363417574999,0.045128107661489995,9
heterogeneous_fedadam_mlp,hospital,brier_score,0.11629309372678381,0.03630610547341311,0.023719988909296566,9
heterogeneous_fedadam_mlp,hospital,ece,0.1244144078027719,0.040918008530139924,0.026733098906358083,9
heterogeneous_fedadam_mlp,macro,accuracy,0.8566846959295473,0.015970025633243307,0.018071785252703764,3
heterogeneous_fedadam_mlp,macro,precision,0.8379317238966362,0.023643143858139135,0.026754735923131927,3
heterogeneous_fedadam_mlp,macro,recall,0.8481040564373897,0.012414381151059181,0.014048194746797804,3
heterogeneous_fedadam_mlp,macro,sensitivity,0.8481040564373897,0.012414381151059181,0.014048194746797804,3
heterogeneous_fedadam_mlp,macro,specificity,0.5661904761904761,0.022782616597915573,0.02578095765827516,3
heterogeneous_fedadam_mlp,macro,f1,0.8406422544638663,0.015664449020455856,0.017725992762988023,3
heterogeneous_fedadam_mlp,macro,roc_auc,0.6702766754850088,0.045380489245662035,0.051352857856602194,3
heterogeneous_fedadam_mlp,macro,pr_auc,0.8859741676851723,0.016888376302741127,0.01911099686494404,3
heterogeneous_fedadam_mlp,macro,brier_score,0.11629309372678383,0.02271535923493884,0.02570484878730074,3
heterogeneous_fedadam_mlp,macro,ece,0.1244144078027719,0.016550657367463285,0.018728831913285574,3
heterogeneous_fedadam_mlp,sample_weighted,accuracy,0.8440366972477064,0.01834862385321101,0.02076342252498471,3
heterogeneous_fedadam_mlp,sample_weighted,precision,0.8133119004678638,0.029604842572015608,0.03350103310340862,3
heterogeneous_fedadam_mlp,sample_weighted,recall,0.8222173680889276,0.011438052106473556,0.01294337442684785,3
heterogeneous_fedadam_mlp,sample_weighted,sensitivity,0.8222173680889276,0.011438052106473556,0.01294337442684785,3
heterogeneous_fedadam_mlp,sample_weighted,specificity,0.8333333333333334,0.03207501495497923,0.03629629629629631,3
heterogeneous_fedadam_mlp,sample_weighted,f1,0.8148762936607353,0.020327918248527015,0.023003204982789485,3
heterogeneous_fedadam_mlp,sample_weighted,roc_auc,0.7864211688752972,0.019427641668532548,0.02198444612821184,3
heterogeneous_fedadam_mlp,sample_weighted,pr_auc,0.8814872856416319,0.0241657750167696,0.02734614875377141,3
heterogeneous_fedadam_mlp,sample_weighted,brier_score,0.12340285241365144,0.02276456979839243,0.025760535782132273,3
heterogeneous_fedadam_mlp,sample_weighted,ece,0.13386093932154108,0.016875502163998354,0.01909642840550534,3
heterogeneous_fedadam_secure_aggregation_dp,hospital,accuracy,0.8457342301735894,0.07239384932089134,0.04729731488964901,9
heterogeneous_fedadam_secure_aggregation_dp,hospital,precision,0.7923631245870668,0.12654587355893113,0.08267663739183499,9
heterogeneous_fedadam_secure_aggregation_dp,hospital,recall,0.9065255731922398,0.07257128848222656,0.04741324180838802,9
heterogeneous_fedadam_secure_aggregation_dp,hospital,sensitivity,0.9065255731922398,0.07257128848222656,0.04741324180838802,9
heterogeneous_fedadam_secure_aggregation_dp,hospital,specificity,0.5019047619047619,0.3828624733104405,0.25013681589615444,9
heterogeneous_fedadam_secure_aggregation_dp,hospital,f1,0.8430564254093666,0.09769063237006331,0.0638245464817747,9
heterogeneous_fedadam_secure_aggregation_dp,hospital,roc_auc,0.7283212081128747,0.29506828603042146,0.19277794687320868,9
heterogeneous_fedadam_secure_aggregation_dp,hospital,pr_auc,0.902380741689954,0.07638734693218036,0.049906399995691166,9
heterogeneous_fedadam_secure_aggregation_dp,hospital,brier_score,0.11399567051961396,0.042645317150064393,0.027861607204708736,9
heterogeneous_fedadam_secure_aggregation_dp,hospital,ece,0.1352481305261842,0.06398656387337139,0.04180455506393597,9
heterogeneous_fedadam_secure_aggregation_dp,macro,accuracy,0.8457342301735894,0.010424822064111524,0.011796796696938727,3
heterogeneous_fedadam_secure_aggregation_dp,macro,precision,0.7923631245870667,0.019954875020780482,0.022581066831190183,3
heterogeneous_fedadam_secure_aggregation_dp,macro,recall,0.9065255731922398,0.015929179371433698,0.018025563356211475,3
heterogeneous_fedadam_secure_aggregation_dp,macro,sensitivity,0.9065255731922398,0.015929179371433698,0.018025563356211475,3
heterogeneous_fedadam_secure_aggregation_dp,macro,specificity,0.501904761904762,0.023270079472134525,0.026332573828709672,3
heterogeneous_fedadam_secure_aggregation_dp,macro,f1,0.8430564254093666,0.01585261690239055,0.017938924766472183,3
heterogeneous_fedadam_secure_aggregation_dp,macro,roc_auc,0.7283212081128747,0.022137332725710137,0.025050750216324958,3
heterogeneous_fedadam_secure_aggregation_dp,macro,pr_auc,0.9023807416899539,0.019996428986455653,0.02262808956999636,3
heterogeneous_fedadam_secure_aggregation_dp,macro,brier_score,0.11399567051961396,0.0036789167874549207,0.00416308625122413,3
heterogeneous_fedadam_secure_aggregation_dp,macro,ece,0.13524813052618417,0.004810864285674442,0.005444005429123036,3
heterogeneous_fedadam_secure_aggregation_dp,sample_weighted,accuracy,0.8256880733944955,0.01834862385321101,0.02076342252498471,3
heterogeneous_fedadam_secure_aggregation_dp,sample_weighted,precision,0.7560028496617811,0.02488662878755636,0.02816187158624719,3
heterogeneous_fedadam_secure_aggregation_dp,sample_weighted,recall,0.8893014902189212,0.02200923600831535,0.02490579513475539,3
heterogeneous_fedadam_secure_aggregation_dp,sample_weighted,sensitivity,0.8893014902189212,0.02200923600831535,0.02490579513475539,3
heterogeneous_fedadam_secure_aggregation_dp,sample_weighted,specificity,0.7407407407407408,0.03207501495497923,0.03629629629629631,3
heterogeneous_fedadam_secure_aggregation_dp,sample_weighted,f1,0.8148259970710051,0.02229039451545565,0.025223955936728902,3
heterogeneous_fedadam_secure_aggregation_dp,sample_weighted,roc_auc,0.8208906121062084,0.009294052765030715,0.010517210776876016,3
heterogeneous_fedadam_secure_aggregation_dp,sample_weighted,pr_auc,0.8929660086695815,0.026549992417888725,0.030044144728123136,3
heterogeneous_fedadam_secure_aggregation_dp,sample_weighted,brier_score,0.1248251827234756,0.009779505663761212,0.01106655244592745,3
heterogeneous_fedadam_secure_aggregation_dp,sample_weighted,ece,0.15255165038009486,0.016154833529860923,0.01828091507487044,3
heterogeneous_fedavg_dp,hospital,accuracy,0.8521831588193144,0.05251401180987164,0.034309154382449476,9
heterogeneous_fedavg_dp,hospital,precision,0.8208711763256086,0.10368842744901352,0.0677431059333555,9
heterogeneous_fedavg_dp,hospital,recall,0.8742283950617283,0.09962063519075907,0.06508548165796259,9
heterogeneous_fedavg_dp,hospital,sensitivity,0.8742283950617283,0.09962063519075907,0.06508548165796259,9
heterogeneous_fedavg_dp,hospital,specificity,0.5395238095238095,0.41054219997362473,0.26822090398276816,9
heterogeneous_fedavg_dp,hospital,f1,0.8442040765084223,0.09113503011870452,0.059541553010886955,9
heterogeneous_fedavg_dp,hospital,roc_auc,0.6975143298059965,0.33336482975454895,0.21779835543963866,9
heterogeneous_fedavg_dp,hospital,pr_auc,0.8924527381719444,0.07789934513626284,0.05089423882235839,9
heterogeneous_fedavg_dp,hospital,brier_score,0.12118447348575792,0.034726805757736616,0.022688179761721255,9
heterogeneous_fedavg_dp,hospital,ece,0.12533266155365524,0.043980623983978125,0.028734007669532376,9
heterogeneous_fedavg_dp,macro,accuracy,0.8521831588193144,0.0056103933966198455,0.006348757790084406,3
heterogeneous_fedavg_dp,macro,precision,0.8208711763256084,0.021044354383353926,0.02381392878957649,3
heterogeneous_fedavg_dp,macro,recall,0.8742283950617283,0.055066557510808606,0.062313675932334264,3
heterogeneous_fedavg_dp,macro,sensitivity,0.8742283950617283,0.055066557510808606,0.062313675932334264,3
heterogeneous_fedavg_dp,macro,specificity,0.5395238095238094,0.04000850249770471,0.04527388258637032,3
heterogeneous_fedavg_dp,macro,f1,0.8442040765084223,0.014260572415430597,0.01613735683278013,3
heterogeneous_fedavg_dp,macro,roc_auc,0.6975143298059966,0.017521598337939055,0.01982755505340156,3
heterogeneous_fedavg_dp,macro,pr_auc,0.8924527381719444,0.025993208605088778,0.029414084531090203,3
heterogeneous_fedavg_dp,macro,brier_score,0.12118447348575791,0.02026894350163891,0.022936468774246658,3
heterogeneous_fedavg_dp,macro,ece,0.12533266155365522,0.017754385622564293,0.020090978664228477,3
heterogeneous_fedavg_dp,sample_weighted,accuracy,0.8379204892966361,0.005296791460455315,0.0059938837920489665,3
heterogeneous_fedavg_dp,sample_weighted,precision,0.7915021307479018,0.027268368112392763,0.03085706335330147,3
heterogeneous_fedavg_dp,sample_weighted,recall,0.8541454298335033,0.0627270339115231,0.0709823210319979,3
heterogeneous_fedavg_dp,sample_weighted,sensitivity,0.8541454298335033,0.0627270339115231,0.0709823210319979,3
heterogeneous_fedavg_dp,sample_weighted,specificity,0.7962962962962963,0.05555555555555558,0.06286702931175928,3
heterogeneous_fedavg_dp,sample_weighted,f1,0.8186718447249035,0.015403977181903866,0.01743124113022358,3
heterogeneous_fedavg_dp,sample_weighted,roc_auc,0.8024750012135334,0.00666850133001625,0.007546119634433469,3
heterogeneous_fedavg_dp,sample_weighted,pr_auc,0.8831986596853397,0.03578313595490726,0.040492430224988774,3
heterogeneous_fedavg_dp,sample_weighted,brier_score,0.12928832465619203,0.019451844865346252,0.0220118346237153,3
heterogeneous_fedavg_dp,sample_weighted,ece,0.13552788000294672,0.016918208662149672,0.01914475535758481,3
heterogeneous_fedavg_mlp,hospital,accuracy,0.8567944895176017,0.05540214860552127,0.0361960704222739,9
heterogeneous_fedavg_mlp,hospital,precision,0.829328631747082,0.09370598690441655,0.06122124477755214,9
heterogeneous_fedavg_mlp,hospital,recall,0.8586860670194003,0.149375668350888,0.09759210332258016,9
heterogeneous_fedavg_mlp,hospital,sensitivity,0.8586860670194003,0.149375668350888,0.09759210332258016,9
heterogeneous_fedavg_mlp,hospital,specificity,0.5568253968253969,0.4190677078518128,0.2737909024631843,9
heterogeneous_fedavg_mlp,hospital,f1,0.8398831800483735,0.11714526069376864,0.07653490365326218,9
heterogeneous_fedavg_mlp,hospital,roc_auc,0.674157848324515,0.38192674044996483,0.24952547042731035,9
heterogeneous_fedavg_mlp,hospital,pr_auc,0.8963807683299932,0.05785357181529796,0.037797666919328,9
heterogeneous_fedavg_mlp,hospital,brier_score,0.10701088831259611,0.02814645844777023,0.018389019519209883,9
heterogeneous_fedavg_mlp,hospital,ece,0.12339962295986344,0.03589799050287002,0.023453353795208413,9
heterogeneous_fedavg_mlp,macro,accuracy,0.8567944895176017,0.010382560444722432,0.01174897317257059,3
heterogeneous_fedavg_mlp,macro,precision,0.8293286317470819,0.015254471196016983,0.017262059180676963,3
heterogeneous_fedavg_mlp,macro,recall,0.8586860670194003,0.03657403420812933,0.04138741585101154,3
heterogeneous_fedavg_mlp,macro,sensitivity,0.8586860670194003,0.03657403420812933,0.04138741585101154,3
heterogeneous_fedavg_mlp,macro,specificity,0.5568253968253969,0.00782943647945302,0.008859841427669943,3
heterogeneous_fedavg_mlp,macro,f1,0.8398831800483736,0.030866921979364876,0.034929210399129315,3
heterogeneous_fedavg_mlp,macro,roc_auc,0.6741578483245151,0.04982040532213663,0.05637709587078882,3
heterogeneous_fedavg_mlp,macro,pr_auc,0.8963807683299931,0.018007493943775984,0.020377397692704455,3
heterogeneous_fedavg_mlp,macro,brier_score,0.1070108883125961,0.007089597855661012,0.008022635211607674,3
heterogeneous_fedavg_mlp,macro,ece,0.12339962295986344,0.027616587719221257,0.03125111093343096,3
heterogeneous_fedavg_mlp,sample_weighted,accuracy,0.8440366972477064,0.01834862385321101,0.02076342252498471,3
heterogeneous_fedavg_mlp,sample_weighted,precision,0.8022468027864682,0.019309832763070682,0.021851132801780408,3
heterogeneous_fedavg_mlp,sample_weighted,recall,0.8356147759817484,0.050838946221063476,0.0575296834006539,3
heterogeneous_fedavg_mlp,sample_weighted,sensitivity,0.8356147759817484,0.050838946221063476,0.0575296834006539,3
heterogeneous_fedavg_mlp,sample_weighted,specificity,0.8209876543209876,0.010691671651659785,0.012098765432098821,3
heterogeneous_fedavg_mlp,sample_weighted,f1,0.8139174671073631,0.04108559138932932,0.046492723406950744,3
heterogeneous_fedavg_mlp,sample_weighted,roc_auc,0.7933964370661618,0.025762478576187183,0.02915298892426913,3
heterogeneous_fedavg_mlp,sample_weighted,pr_auc,0.896620479236081,0.01094387380175499,0.012384159031424253,3
heterogeneous_fedavg_mlp,sample_weighted,brier_score,0.11416526596269555,0.00760074360038097,0.008601051072893705,3
heterogeneous_fedavg_mlp,sample_weighted,ece,0.1293788025104398,0.03085728688501316,0.03491830726346676,3
heterogeneous_fedavg_secure_aggregation,hospital,accuracy,0.8567944895176017,0.05540214860552127,0.0361960704222739,9
heterogeneous_fedavg_secure_aggregation,hospital,precision,0.829328631747082,0.09370598690441655,0.06122124477755214,9
heterogeneous_fedavg_secure_aggregation,hospital,recall,0.8586860670194003,0.149375668350888,0.09759210332258016,9
heterogeneous_fedavg_secure_aggregation,hospital,sensitivity,0.8586860670194003,0.149375668350888,0.09759210332258016,9
heterogeneous_fedavg_secure_aggregation,hospital,specificity,0.5568253968253969,0.4190677078518128,0.2737909024631843,9
heterogeneous_fedavg_secure_aggregation,hospital,f1,0.8398831800483735,0.11714526069376864,0.07653490365326218,9
heterogeneous_fedavg_secure_aggregation,hospital,roc_auc,0.674157848324515,0.38192674044996483,0.24952547042731035,9
heterogeneous_fedavg_secure_aggregation,hospital,pr_auc,0.8963807683299932,0.05785357181529796,0.037797666919328,9
heterogeneous_fedavg_secure_aggregation,hospital,brier_score,0.1070108556109013,0.028146521763194064,0.01838906088528679,9
heterogeneous_fedavg_secure_aggregation,hospital,ece,0.12339962491843288,0.03589802008488185,0.023453373122122808,9
heterogeneous_fedavg_secure_aggregation,macro,accuracy,0.8567944895176017,0.010382560444722432,0.01174897317257059,3
heterogeneous_fedavg_secure_aggregation,macro,precision,0.8293286317470819,0.015254471196016983,0.017262059180676963,3
heterogeneous_fedavg_secure_aggregation,macro,recall,0.8586860670194003,0.03657403420812933,0.04138741585101154,3
heterogeneous_fedavg_secure_aggregation,macro,sensitivity,0.8586860670194003,0.03657403420812933,0.04138741585101154,3
heterogeneous_fedavg_secure_aggregation,macro,specificity,0.5568253968253969,0.00782943647945302,0.008859841427669943,3
heterogeneous_fedavg_secure_aggregation,macro,f1,0.8398831800483736,0.030866921979364876,0.034929210399129315,3
heterogeneous_fedavg_secure_aggregation,macro,roc_auc,0.6741578483245151,0.04982040532213663,0.05637709587078882,3
heterogeneous_fedavg_secure_aggregation,macro,pr_auc,0.8963807683299931,0.018007493943775984,0.020377397692704455,3
heterogeneous_fedavg_secure_aggregation,macro,brier_score,0.10701085561090129,0.0070896601845441025,0.00802270574337864,3
heterogeneous_fedavg_secure_aggregation,macro,ece,0.12339962491843288,0.02761663051656033,0.031251159363179216,3
heterogeneous_fedavg_secure_aggregation,sample_weighted,accuracy,0.8440366972477064,0.01834862385321101,0.02076342252498471,3
heterogeneous_fedavg_secure_aggregation,sample_weighted,precision,0.8022468027864682,0.019309832763070682,0.021851132801780408,3
heterogeneous_fedavg_secure_aggregation,sample_weighted,recall,0.8356147759817484,0.050838946221063476,0.0575296834006539,3
heterogeneous_fedavg_secure_aggregation,sample_weighted,sensitivity,0.8356147759817484,0.050838946221063476,0.0575296834006539,3
heterogeneous_fedavg_secure_aggregation,sample_weighted,specificity,0.8209876543209876,0.010691671651659785,0.012098765432098821,3
heterogeneous_fedavg_secure_aggregation,sample_weighted,f1,0.8139174671073631,0.04108559138932932,0.046492723406950744,3
heterogeneous_fedavg_secure_aggregation,sample_weighted,roc_auc,0.7933964370661618,0.025762478576187183,0.02915298892426913,3
heterogeneous_fedavg_secure_aggregation,sample_weighted,pr_auc,0.896620479236081,0.01094387380175499,0.012384159031424253,3
heterogeneous_fedavg_secure_aggregation,sample_weighted,brier_score,0.11416525314559474,0.007600770012796107,0.008601080961355085,3
heterogeneous_fedavg_secure_aggregation,sample_weighted,ece,0.12937881011481678,0.030857312229987187,0.03491833594400481,3
heterogeneous_fedavg_secure_aggregation_dp,hospital,accuracy,0.8521831588193144,0.05251401180987164,0.034309154382449476,9
heterogeneous_fedavg_secure_aggregation_dp,hospital,precision,0.8208711763256086,0.10368842744901352,0.0677431059333555,9
heterogeneous_fedavg_secure_aggregation_dp,hospital,recall,0.8742283950617283,0.09962063519075907,0.06508548165796259,9
heterogeneous_fedavg_secure_aggregation_dp,hospital,sensitivity,0.8742283950617283,0.09962063519075907,0.06508548165796259,9
heterogeneous_fedavg_secure_aggregation_dp,hospital,specificity,0.5395238095238095,0.41054219997362473,0.26822090398276816,9
heterogeneous_fedavg_secure_aggregation_dp,hospital,f1,0.8442040765084223,0.09113503011870452,0.059541553010886955,9
heterogeneous_fedavg_secure_aggregation_dp,hospital,roc_auc,0.6975143298059965,0.33336482975454895,0.21779835543963866,9
heterogeneous_fedavg_secure_aggregation_dp,hospital,pr_auc,0.8924527381719444,0.07789934513626284,0.05089423882235839,9
heterogeneous_fedavg_secure_aggregation_dp,hospital,brier_score,0.12118450139578713,0.0347268146038932,0.022688185541210226,9
heterogeneous_fedavg_secure_aggregation_dp,hospital,ece,0.12533268127822586,0.043980643564114956,0.02873402046188844,9
heterogeneous_fedavg_secure_aggregation_dp,macro,accuracy,0.8521831588193144,0.0056103933966198455,0.006348757790084406,3
heterogeneous_fedavg_secure_aggregation_dp,macro,precision,0.8208711763256084,0.021044354383353926,0.02381392878957649,3
heterogeneous_fedavg_secure_aggregation_dp,macro,recall,0.8742283950617283,0.055066557510808606,0.062313675932334264,3
heterogeneous_fedavg_secure_aggregation_dp,macro,sensitivity,0.8742283950617283,0.055066557510808606,0.062313675932334264,3
heterogeneous_fedavg_secure_aggregation_dp,macro,specificity,0.5395238095238094,0.04000850249770471,0.04527388258637032,3
heterogeneous_fedavg_secure_aggregation_dp,macro,f1,0.8442040765084223,0.014260572415430597,0.01613735683278013,3
heterogeneous_fedavg_secure_aggregation_dp,macro,roc_auc,0.6975143298059966,0.017521598337939055,0.01982755505340156,3
heterogeneous_fedavg_secure_aggregation_dp,macro,pr_auc,0.8924527381719444,0.025993208605088778,0.029414084531090203,3
heterogeneous_fedavg_secure_aggregation_dp,macro,brier_score,0.12118450139578713,0.02026896312801415,0.022936490983580995,3
heterogeneous_fedavg_secure_aggregation_dp,macro,ece,0.12533268127822586,0.017754402797552506,0.02009099809955725,3
heterogeneous_fedavg_secure_aggregation_dp,sample_weighted,accuracy,0.8379204892966361,0.005296791460455315,0.0059938837920489665,3
heterogeneous_fedavg_secure_aggregation_dp,sample_weighted,precision,0.7915021307479018,0.027268368112392763,0.03085706335330147,3
heterogeneous_fedavg_secure_aggregation_dp,sample_weighted,recall,0.8541454298335033,0.0627270339115231,0.0709823210319979,3
heterogeneous_fedavg_secure_aggregation_dp,sample_weighted,sensitivity,0.8541454298335033,0.0627270339115231,0.0709823210319979,3
heterogeneous_fedavg_secure_aggregation_dp,sample_weighted,specificity,0.7962962962962963,0.05555555555555558,0.06286702931175928,3
heterogeneous_fedavg_secure_aggregation_dp,sample_weighted,f1,0.8186718447249035,0.015403977181903866,0.01743124113022358,3
heterogeneous_fedavg_secure_aggregation_dp,sample_weighted,roc_auc,0.8024750012135334,0.00666850133001625,0.007546119634433469,3
heterogeneous_fedavg_secure_aggregation_dp,sample_weighted,pr_auc,0.8831986596853397,0.03578313595490726,0.040492430224988774,3
heterogeneous_fedavg_secure_aggregation_dp,sample_weighted,brier_score,0.12928835918368528,0.01945186062761346,0.02201185246039976,3
heterogeneous_fedavg_secure_aggregation_dp,sample_weighted,ece,0.13552790388054803,0.01691822404130956,0.019144772760742525,3
heterogeneous_fedprox_mlp_mu_0001,hospital,accuracy,0.8617352009800523,0.05491440524168384,0.035877411424566776,9
heterogeneous_fedprox_mlp_mu_0001,hospital,precision,0.8382211947743424,0.08902641851311083,0.058163926761899076,9
heterogeneous_fedprox_mlp_mu_0001,hospital,recall,0.8586860670194003,0.149375668350888,0.09759210332258016,9
heterogeneous_fedprox_mlp_mu_0001,hospital,sensitivity,0.8586860670194003,0.149375668350888,0.09759210332258016,9
heterogeneous_fedprox_mlp_mu_0001,hospital,specificity,0.5652380952380952,0.42554886527247826,0.2780252586446858,9
heterogeneous_fedprox_mlp_mu_0001,hospital,f1,0.8446895658397114,0.1161822652406006,0.07590574662385906,9
heterogeneous_fedprox_mlp_mu_0001,hospital,roc_auc,0.6767482363315697,0.3778258392190679,0.24684621495645773,9
heterogeneous_fedprox_mlp_mu_0001,hospital,pr_auc,0.8963104509527174,0.05879616097216389,0.03841349183514708,9
heterogeneous_fedprox_mlp_mu_0001,hospital,brier_score,0.10657907261078568,0.028062457018805477,0.018334138585619577,9
heterogeneous_fedprox_mlp_mu_0001,hospital,ece,0.1257241553414978,0.037912009846407996,0.02476917976631989,9
heterogeneous_fedprox_mlp_mu_0001,macro,accuracy,0.8617352009800522,0.013635148942851965,0.015429623548688596,3
heterogeneous_fedprox_mlp_mu_0001,macro,precision,0.8382211947743423,0.021794810769606453,0.02466315013494771,3
heterogeneous_fedprox_mlp_mu_0001,macro,recall,0.8586860670194003,0.03657403420812933,0.04138741585101154,3
heterogeneous_fedprox_mlp_mu_0001,macro,sensitivity,0.8586860670194003,0.03657403420812933,0.04138741585101154,3
heterogeneous_fedprox_mlp_mu_0001,macro,specificity,0.5652380952380952,0.014053671012736847,0.015903225854919878,3
heterogeneous_fedprox_mlp_mu_0001,macro,f1,0.8446895658397117,0.03477678847965192,0.039353640852944315,3
heterogeneous_fedprox_mlp_mu_0001,macro,roc_auc,0.6767482363315697,0.05195963331004194,0.05879786022595205,3
heterogeneous_fedprox_mlp_mu_0001,macro,pr_auc,0.8963104509527172,0.018071947032051325,0.020450333228121564,3
heterogeneous_fedprox_mlp_mu_0001,macro,brier_score,0.10657907261078566,0.0069764760405522375,0.007894625827215306,3
heterogeneous_fedprox_mlp_mu_0001,macro,ece,0.12572415534149783,0.026075900180950237,0.029507658858113524,3
heterogeneous_fedprox_mlp_mu_0001,sample_weighted,accuracy,0.8501529051987767,0.023088178701133763,0.026126733728867615,3
heterogeneous_fedprox_mlp_mu_0001,sample_weighted,precision,0.81324543817798,0.027613699786318842,0.03124784292970728,3
heterogeneous_fedprox_mlp_mu_0001,sample_weighted,recall,0.8356147759817484,0.050838946221063476,0.0575296834006539,3
heterogeneous_fedprox_mlp_mu_0001,sample_weighted,sensitivity,0.8356147759817484,0.050838946221063476,0.0575296834006539,3
heterogeneous_fedprox_mlp_mu_0001,sample_weighted,specificity,0.8333333333333334,0.018518518518518545,0.020955676437253115,3
heterogeneous_fedprox_mlp_mu_0001,sample_weighted,f1,0.8198608857818653,0.04599209277500714,0.052044952402719453,3
heterogeneous_fedprox_mlp_mu_0001,sample_weighted,roc_auc,0.7944097373913888,0.02654267883617121,0.03003586863131137,3
heterogeneous_fedprox_mlp_mu_0001,sample_weighted,pr_auc,0.8961813770276957,0.010412145473316124,0.01178245178404679,3
heterogeneous_fedprox_mlp_mu_0001,sample_weighted,brier_score,0.11370383151313801,0.007498380946173614,0.008485216825209006,3
heterogeneous_fedprox_mlp_mu_0001,sample_weighted,ece,0.1324953941246694,0.02941055245011336,0.03328117313321357,3
heterogeneous_fedprox_mlp_mu_001,hospital,accuracy,0.8617352009800523,0.05491440524168384,0.035877411424566776,9
heterogeneous_fedprox_mlp_mu_001,hospital,precision,0.8382211947743424,0.08902641851311083,0.058163926761899076,9
heterogeneous_fedprox_mlp_mu_001,hospital,recall,0.8586860670194003,0.149375668350888,0.09759210332258016,9
heterogeneous_fedprox_mlp_mu_001,hospital,sensitivity,0.8586860670194003,0.149375668350888,0.09759210332258016,9
heterogeneous_fedprox_mlp_mu_001,hospital,specificity,0.5652380952380952,0.42554886527247826,0.2780252586446858,9
heterogeneous_fedprox_mlp_mu_001,hospital,f1,0.8446895658397114,0.1161822652406006,0.07590574662385906,9
heterogeneous_fedprox_mlp_mu_001,hospital,roc_auc,0.6772078924162258,0.37815873044732784,0.24706370389225418,9
heterogeneous_fedprox_mlp_mu_001,hospital,pr_auc,0.8966609636244398,0.05850555151575287,0.03822362699029187,9
heterogeneous_fedprox_mlp_mu_001,hospital,brier_score,0.10627010880675133,0.028415066884519287,0.0185645103645526,9
heterogeneous_fedprox_mlp_mu_001,hospital,ece,0.1285661077199299,0.03530691950397175,0.023067187409261544,9
heterogeneous_fedprox_mlp_mu_001,macro,accuracy,0.8617352009800522,0.013635148942851965,0.015429623548688596,3
heterogeneous_fedprox_mlp_mu_001,macro,precision,0.8382211947743423,0.021794810769606453,0.02466315013494771,3
heterogeneous_fedprox_mlp_mu_001,macro,recall,0.8586860670194003,0.03657403420812933,0.04138741585101154,3
heterogeneous_fedprox_mlp_mu_001,macro,sensitivity,0.8586860670194003,0.03657403420812933,0.04138741585101154,3
heterogeneous_fedprox_mlp_mu_001,macro,specificity,0.5652380952380952,0.014053671012736847,0.015903225854919878,3
heterogeneous_fedprox_mlp_mu_001,macro,f1,0.8446895658397117,0.03477678847965192,0.039353640852944315,3
heterogeneous_fedprox_mlp_mu_001,macro,roc_auc,0.6772078924162256,0.05236103888491834,0.059252093394701895,3
heterogeneous_fedprox_mlp_mu_001,macro,pr_auc,0.8966609636244396,0.018519547529064206,0.020956840872303564,3
heterogeneous_fedprox_mlp_mu_001,macro,brier_score,0.10627010880675132,0.0072658635911365885,0.00822209866846611,3
heterogeneous_fedprox_mlp_mu_001,macro,ece,0.1285661077199299,0.022835312729873165,0.02584058894517826,3
heterogeneous_fedprox_mlp_mu_001,sample_weighted,accuracy,0.8501529051987767,0.023088178701133763,0.026126733728867615,3
heterogeneous_fedprox_mlp_mu_001,sample_weighted,precision,0.81324543817798,0.027613699786318842,0.03124784292970728,3
heterogeneous_fedprox_mlp_mu_001,sample_weighted,recall,0.8356147759817484,0.050838946221063476,0.0575296834006539,3
heterogeneous_fedprox_mlp_mu_001,sample_weighted,sensitivity,0.8356147759817484,0.050838946221063476,0.0575296834006539,3
heterogeneous_fedprox_mlp_mu_001,sample_weighted,specificity,0.8333333333333334,0.018518518518518545,0.020955676437253115,3
heterogeneous_fedprox_mlp_mu_001,sample_weighted,f1,0.8198608857818653,0.04599209277500714,0.052044952402719453,3
heterogeneous_fedprox_mlp_mu_001,sample_weighted,roc_auc,0.7949780350468423,0.027033357057372833,0.030591123309380013,3
heterogeneous_fedprox_mlp_mu_001,sample_weighted,pr_auc,0.8966072658246865,0.011064547796404332,0.012520714511482423,3
heterogeneous_fedprox_mlp_mu_001,sample_weighted,brier_score,0.11345145413868908,0.007510878619693789,0.008499359274144396,3
heterogeneous_fedprox_mlp_mu_001,sample_weighted,ece,0.13640359863752802,0.02539547755900789,0.028737688177588924,3
heterogeneous_fedprox_mlp_mu_01,hospital,accuracy,0.8593197420428543,0.05392031152460719,0.035227936862743364,9
heterogeneous_fedprox_mlp_mu_01,hospital,precision,0.8340490384282729,0.08856514020671025,0.057862558268384025,9
heterogeneous_fedprox_mlp_mu_01,hospital,recall,0.8586860670194003,0.149375668350888,0.09759210332258016,9
heterogeneous_fedprox_mlp_mu_01,hospital,sensitivity,0.8586860670194003,0.149375668350888,0.09759210332258016,9
heterogeneous_fedprox_mlp_mu_01,hospital,specificity,0.5607936507936508,0.4220450159222978,0.2757360770692346,9
heterogeneous_fedprox_mlp_mu_01,hospital,f1,0.8424579473290232,0.11552990018891375,0.07547953479009031,9
heterogeneous_fedprox_mlp_mu_01,hospital,roc_auc,0.6792581569664903,0.37965192190778685,0.24803925564642074,9
heterogeneous_fedprox_mlp_mu_01,hospital,pr_auc,0.8985901030143418,0.05828258006884188,0.038077952311643355,9
heterogeneous_fedprox_mlp_mu_01,hospital,brier_score,0.1059368509140321,0.026934225793738848,0.017597027518576048,9
heterogeneous_fedprox_mlp_mu_01,hospital,ece,0.12334008554688862,0.03991474707081326,0.026077634752931327,9
heterogeneous_fedprox_mlp_mu_01,macro,accuracy,0.8593197420428541,0.01012857625784249,0.011461563008787107,3
heterogeneous_fedprox_mlp_mu_01,macro,precision,0.8340490384282729,0.016874114975250803,0.01909485865366358,3
heterogeneous_fedprox_mlp_mu_01,macro,recall,0.8586860670194003,0.03657403420812933,0.04138741585101154,3
heterogeneous_fedprox_mlp_mu_01,macro,sensitivity,0.8586860670194003,0.03657403420812933,0.04138741585101154,3
heterogeneous_fedprox_mlp_mu_01,macro,specificity,0.5607936507936508,0.008522789688037328,0.00964444444444444,3
heterogeneous_fedprox_mlp_mu_01,macro,f1,0.8424579473290233,0.0322711545391873,0.03651824913010921,3
heterogeneous_fedprox_mlp_mu_01,macro,roc_auc,0.6792581569664903,0.05109184841684237,0.057815869176244615,3
heterogeneous_fedprox_mlp_mu_01,macro,pr_auc,0.8985901030143418,0.017956569507816766,0.02031977126855806,3
heterogeneous_fedprox_mlp_mu_01,macro,brier_score,0.10593685091403211,0.003341305125076056,0.003781042690278381,3
heterogeneous_fedprox_mlp_mu_01,macro,ece,0.12334008554688862,0.03234913586618561,0.036606493308772324,3
heterogeneous_fedprox_mlp_mu_01,sample_weighted,accuracy,0.8470948012232417,0.019097853206111303,0.021611255351404943,3
heterogeneous_fedprox_mlp_mu_01,sample_weighted,precision,0.8079632585838739,0.021385108997839953,0.024199528935642676,3
heterogeneous_fedprox_mlp_mu_01,sample_weighted,recall,0.8356147759817484,0.050838946221063476,0.0575296834006539,3
heterogeneous_fedprox_mlp_mu_01,sample_weighted,sensitivity,0.8356147759817484,0.050838946221063476,0.0575296834006539,3
heterogeneous_fedprox_mlp_mu_01,sample_weighted,specificity,0.8271604938271605,0.010691671651659783,0.012098765432098818,3
heterogeneous_fedprox_mlp_mu_01,sample_weighted,f1,0.8170355339059481,0.042850297536679405,0.048489676402608525,3
heterogeneous_fedprox_mlp_mu_01,sample_weighted,roc_auc,0.7975191738265132,0.0252800438880304,0.028607062682004615,3
heterogeneous_fedprox_mlp_mu_01,sample_weighted,pr_auc,0.8989988514927068,0.009370622735478767,0.010603857855254063,3
heterogeneous_fedprox_mlp_mu_01,sample_weighted,brier_score,0.11288925179924965,0.00546112885010579,0.006179849054908105,3
heterogeneous_fedprox_mlp_mu_01,sample_weighted,ece,0.12918202504401724,0.036257004671999674,0.041028663158481526,3
heterogeneous_fedprox_secure_aggregation_dp,hospital,accuracy,0.8507847352240945,0.06530238436398825,0.04266422445113899,9
heterogeneous_fedprox_secure_aggregation_dp,hospital,precision,0.7996651760119252,0.11509676856041981,0.07519655545947428,9
heterogeneous_fedprox_secure_aggregation_dp,hospital,recall,0.9048721340388006,0.07707101844841341,0.050353065386296754,9
heterogeneous_fedprox_secure_aggregation_dp,hospital,sensitivity,0.9048721340388006,0.07707101844841341,0.050353065386296754,9
heterogeneous_fedprox_secure_aggregation_dp,hospital,specificity,0.5093650793650794,0.3884119362217728,0.2537624649982249,9
heterogeneous_fedprox_secure_aggregation_dp,hospital,f1,0.8469244268903263,0.09161836755910607,0.0598573334719493,9
heterogeneous_fedprox_secure_aggregation_dp,hospital,roc_auc,0.697746913580247,0.3451276081329408,0.22548337064685464,9
heterogeneous_fedprox_secure_aggregation_dp,hospital,pr_auc,0.9017948330324561,0.0608844980133685,0.03977787203540075,9
heterogeneous_fedprox_secure_aggregation_dp,hospital,brier_score,0.11046347698203313,0.03561257723688469,0.023266883794764662,9
heterogeneous_fedprox_secure_aggregation_dp,hospital,ece,0.12025463569469237,0.04725084720882878,0.030870553509768136,9
heterogeneous_fedprox_secure_aggregation_dp,macro,accuracy,0.8507847352240945,0.005069310028715141,0.005736464318981338,3
heterogeneous_fedprox_secure_aggregation_dp,macro,precision,0.7996651760119251,0.008269571734926227,0.009357901355795454,3
heterogeneous_fedprox_secure_aggregation_dp,macro,recall,0.9048721340388006,0.017212717192189784,0.019478023132615516,3
heterogeneous_fedprox_secure_aggregation_dp,macro,sensitivity,0.9048721340388006,0.017212717192189784,0.019478023132615516,3
heterogeneous_fedprox_secure_aggregation_dp,macro,specificity,0.5093650793650794,0.021329577333753798,0.02413668894207364,3
heterogeneous_fedprox_secure_aggregation_dp,macro,f1,0.8469244268903263,0.00168732195349033,0.0019093845367521261,3
heterogeneous_fedprox_secure_aggregation_dp,macro,roc_auc,0.6977469135802469,0.016870198521931373,0.019090426769522228,3
heterogeneous_fedprox_secure_aggregation_dp,macro,pr_auc,0.9017948330324561,0.016445335983751717,0.01860964954798047,3
heterogeneous_fedprox_secure_aggregation_dp,macro,brier_score,0.11046347698203313,0.008599821933160707,0.009731614635862638,3
heterogeneous_fedprox_secure_aggregation_dp,macro,ece,0.12025463569469236,0.006634823375569253,0.007508009441344639,3
heterogeneous_fedprox_secure_aggregation_dp,sample_weighted,accuracy,0.8318042813455658,0.005296791460455251,0.0059938837920488946,3
heterogeneous_fedprox_secure_aggregation_dp,sample_weighted,precision,0.7647131830896422,0.011103787034830682,0.01256511788982419,3
heterogeneous_fedprox_secure_aggregation_dp,sample_weighted,recall,0.8875904082326099,0.01519039338082026,0.01718954830672526,3
heterogeneous_fedprox_secure_aggregation_dp,sample_weighted,sensitivity,0.8875904082326099,0.01519039338082026,0.01718954830672526,3
heterogeneous_fedprox_secure_aggregation_dp,sample_weighted,specificity,0.7530864197530865,0.02828750428985088,0.032010324504238276,3
heterogeneous_fedprox_secure_aggregation_dp,sample_weighted,f1,0.8195574573880023,0.0020815868644501025,0.002355537283602437,3
heterogeneous_fedprox_secure_aggregation_dp,sample_weighted,roc_auc,0.807097228289889,0.008084886451715206,0.009148910283760053,3
heterogeneous_fedprox_secure_aggregation_dp,sample_weighted,pr_auc,0.8952272068102455,0.021982813827289383,0.02487589562223267,3
heterogeneous_fedprox_secure_aggregation_dp,sample_weighted,brier_score,0.12027890285261895,0.0066515245723293434,0.007526908624617284,3
heterogeneous_fedprox_secure_aggregation_dp,sample_weighted,ece,0.13305190421743404,0.008035209351420582,0.009092695352793835,3
heterogeneous_latent_dim_16,hospital,accuracy,0.8883630353882069,0.04732322948860594,0.030917843265889214,9
heterogeneous_latent_dim_16,hospital,precision,0.857598133907193,0.07564821625884771,0.04942350128911383,9
heterogeneous_latent_dim_16,hospital,recall,0.8935185185185185,0.09308363158206669,0.06081463930028357,9
heterogeneous_latent_dim_16,hospital,sensitivity,0.8935185185185185,0.09308363158206669,0.06081463930028357,9
heterogeneous_latent_dim_16,hospital,specificity,0.5785714285714286,0.4342058197186572,0.2836811355495227,9
heterogeneous_latent_dim_16,hospital,f1,0.8748189104528188,0.082660473818311,0.05400484289462985,9
heterogeneous_latent_dim_16,hospital,roc_auc,0.6840222663139328,0.3705622107005268,0.2421006443243442,9
heterogeneous_latent_dim_16,hospital,pr_auc,0.900232714573624,0.05263663644245495,0.0343892691424039,9
heterogeneous_latent_dim_16,hospital,brier_score,0.09392453278298024,0.031350235290299684,0.020482153722995795,9
heterogeneous_latent_dim_16,hospital,ece,0.10356919605046538,0.04344546371388257,0.02838436962640328,9
heterogeneous_latent_dim_16,macro,accuracy,0.888363035388207,0.0041836976028233296,0.004734299516908161,3
heterogeneous_latent_dim_16,macro,precision,0.8575981339071929,0.012184426607284122,0.013787976684007984,3
heterogeneous_latent_dim_16,macro,recall,0.8935185185185186,0.010882594359725094,0.01231481481481482,3
heterogeneous_latent_dim_16,macro,sensitivity,0.8935185185185186,0.010882594359725094,0.01231481481481482,3
heterogeneous_latent_dim_16,macro,specificity,0.5785714285714286,0.012625784365297975,0.01428742000398851,3
heterogeneous_latent_dim_16,macro,f1,0.8748189104528189,0.0021488247095909356,0.0024316240680663467,3
heterogeneous_latent_dim_16,macro,roc_auc,0.6840222663139329,0.06155654906185154,0.069657792735639,3
heterogeneous_latent_dim_16,macro,pr_auc,0.9002327145736241,0.019349645777810363,0.021896185469143733,3
heterogeneous_latent_dim_16,macro,brier_score,0.09392453278298024,0.0038797168946802106,0.004390312963305391,3
heterogeneous_latent_dim_16,macro,ece,0.10356919605046538,0.013133554055455979,0.014862015499894661,3
heterogeneous_latent_dim_16,sample_weighted,accuracy,0.874617737003058,0.005296791460455315,0.0059938837920489665,3
heterogeneous_latent_dim_16,sample_weighted,precision,0.8368500360945045,0.015088512447446759,0.017074259177480636,3
heterogeneous_latent_dim_16,sample_weighted,recall,0.8690112130479103,0.013333694287016074,0.015088495492365775,3
heterogeneous_latent_dim_16,sample_weighted,sensitivity,0.8690112130479103,0.013333694287016074,0.015088495492365775,3
heterogeneous_latent_dim_16,sample_weighted,specificity,0.851851851851852,0.01851851851851849,0.02095567643725305,3
heterogeneous_latent_dim_16,sample_weighted,f1,0.8521844521968406,0.0028467127712644156,0.00322135875419831,3
heterogeneous_latent_dim_16,sample_weighted,roc_auc,0.7989363380418425,0.03583118084275043,0.04054679813369048,3
heterogeneous_latent_dim_16,sample_weighted,pr_auc,0.8981743487247256,0.015550502498074511,0.017597050134462645,3
heterogeneous_latent_dim_16,sample_weighted,brier_score,0.10282867487598413,0.004389456973036829,0.004967138163359023,3
heterogeneous_latent_dim_16,sample_weighted,ece,0.11445161750944566,0.018202194731363065,0.020597722374869128,3
heterogeneous_latent_dim_32,hospital,accuracy,0.8567944895176017,0.05540214860552127,0.0361960704222739,9
heterogeneous_latent_dim_32,hospital,precision,0.829328631747082,0.09370598690441655,0.06122124477755214,9
heterogeneous_latent_dim_32,hospital,recall,0.8586860670194003,0.149375668350888,0.09759210332258016,9
heterogeneous_latent_dim_32,hospital,sensitivity,0.8586860670194003,0.149375668350888,0.09759210332258016,9
heterogeneous_latent_dim_32,hospital,specificity,0.5568253968253969,0.4190677078518128,0.2737909024631843,9
heterogeneous_latent_dim_32,hospital,f1,0.8398831800483735,0.11714526069376864,0.07653490365326218,9
heterogeneous_latent_dim_32,hospital,roc_auc,0.674157848324515,0.38192674044996483,0.24952547042731035,9
heterogeneous_latent_dim_32,hospital,pr_auc,0.8963807683299932,0.05785357181529796,0.037797666919328,9
heterogeneous_latent_dim_32,hospital,brier_score,0.10701088831259611,0.02814645844777023,0.018389019519209883,9
heterogeneous_latent_dim_32,hospital,ece,0.12339962295986344,0.03589799050287002,0.023453353795208413,9
heterogeneous_latent_dim_32,macro,accuracy,0.8567944895176017,0.010382560444722432,0.01174897317257059,3
heterogeneous_latent_dim_32,macro,precision,0.8293286317470819,0.015254471196016983,0.017262059180676963,3
heterogeneous_latent_dim_32,macro,recall,0.8586860670194003,0.03657403420812933,0.04138741585101154,3
heterogeneous_latent_dim_32,macro,sensitivity,0.8586860670194003,0.03657403420812933,0.04138741585101154,3
heterogeneous_latent_dim_32,macro,specificity,0.5568253968253969,0.00782943647945302,0.008859841427669943,3
heterogeneous_latent_dim_32,macro,f1,0.8398831800483736,0.030866921979364876,0.034929210399129315,3
heterogeneous_latent_dim_32,macro,roc_auc,0.6741578483245151,0.04982040532213663,0.05637709587078882,3
heterogeneous_latent_dim_32,macro,pr_auc,0.8963807683299931,0.018007493943775984,0.020377397692704455,3
heterogeneous_latent_dim_32,macro,brier_score,0.1070108883125961,0.007089597855661012,0.008022635211607674,3
heterogeneous_latent_dim_32,macro,ece,0.12339962295986344,0.027616587719221257,0.03125111093343096,3
heterogeneous_latent_dim_32,sample_weighted,accuracy,0.8440366972477064,0.01834862385321101,0.02076342252498471,3
heterogeneous_latent_dim_32,sample_weighted,precision,0.8022468027864682,0.019309832763070682,0.021851132801780408,3
heterogeneous_latent_dim_32,sample_weighted,recall,0.8356147759817484,0.050838946221063476,0.0575296834006539,3
heterogeneous_latent_dim_32,sample_weighted,sensitivity,0.8356147759817484,0.050838946221063476,0.0575296834006539,3
heterogeneous_latent_dim_32,sample_weighted,specificity,0.8209876543209876,0.010691671651659785,0.012098765432098821,3
heterogeneous_latent_dim_32,sample_weighted,f1,0.8139174671073631,0.04108559138932932,0.046492723406950744,3
heterogeneous_latent_dim_32,sample_weighted,roc_auc,0.7933964370661618,0.025762478576187183,0.02915298892426913,3
heterogeneous_latent_dim_32,sample_weighted,pr_auc,0.896620479236081,0.01094387380175499,0.012384159031424253,3
heterogeneous_latent_dim_32,sample_weighted,brier_score,0.11416526596269555,0.00760074360038097,0.008601051072893705,3
heterogeneous_latent_dim_32,sample_weighted,ece,0.1293788025104398,0.03085728688501316,0.03491830726346676,3
heterogeneous_latent_dim_8,hospital,accuracy,0.8513625962138548,0.07630996773730543,0.04985584558837288,9
heterogeneous_latent_dim_8,hospital,precision,0.8282884269726376,0.11210466826664763,0.07324171660087644,9
heterogeneous_latent_dim_8,hospital,recall,0.8323412698412699,0.1795607515356947,0.11731302433665387,9
heterogeneous_latent_dim_8,hospital,sensitivity,0.8323412698412699,0.1795607515356947,0.11731302433665387,9
heterogeneous_latent_dim_8,hospital,specificity,0.5573015873015872,0.4233747100674727,0.2766048105774155,9
heterogeneous_latent_dim_8,hospital,f1,0.8222423199964571,0.13200504036137986,0.08624329303610151,9
heterogeneous_latent_dim_8,hospital,roc_auc,0.6784402557319225,0.3595208699959715,0.23488696839736803,9
heterogeneous_latent_dim_8,hospital,pr_auc,0.8941880059115616,0.06452044446345384,0.042153357049456504,9
heterogeneous_latent_dim_8,hospital,brier_score,0.1352106846435147,0.06790514841156493,0.04436469696222242,9
heterogeneous_latent_dim_8,hospital,ece,0.16586968508746588,0.11426774185480816,0.07465492467847466,9
heterogeneous_latent_dim_8,macro,accuracy,0.8513625962138548,0.01550890298681631,0.01754997585597741,3
heterogeneous_latent_dim_8,macro,precision,0.8282884269726375,0.034173649461342416,0.038671124802767985,3
heterogeneous_latent_dim_8,macro,recall,0.8323412698412698,0.10960842573308657,0.12403361004079932,3
heterogeneous_latent_dim_8,macro,sensitivity,0.8323412698412698,0.10960842573308657,0.12403361004079932,3
heterogeneous_latent_dim_8,macro,specificity,0.5573015873015873,0.05225598368309443,0.059133212242558394,3
heterogeneous_latent_dim_8,macro,f1,0.822242319996457,0.04594973912898342,0.051997024740410853,3
heterogeneous_latent_dim_8,macro,roc_auc,0.6784402557319223,0.014684819439254433,0.01661743753425901,3
heterogeneous_latent_dim_8,macro,pr_auc,0.8941880059115617,0.025043214568010733,0.02833906507754053,3
heterogeneous_latent_dim_8,macro,brier_score,0.1352106846435147,0.07313189163498461,0.08275652595073762,3
heterogeneous_latent_dim_8,macro,ece,0.16586968508746588,0.10937609418781691,0.12377070214760207,3
heterogeneous_latent_dim_8,sample_weighted,accuracy,0.8287461773700305,0.019097853206111303,0.021611255351404943,3
heterogeneous_latent_dim_8,sample_weighted,precision,0.8007694194319014,0.0431478251170085,0.04882636055465344,3
heterogeneous_latent_dim_8,sample_weighted,recall,0.7934687636522498,0.13575015257451364,0.1536157587775993,3
heterogeneous_latent_dim_8,sample_weighted,sensitivity,0.7934687636522498,0.13575015257451364,0.1536157587775993,3
heterogeneous_latent_dim_8,sample_weighted,specificity,0.8209876543209876,0.07484170156161817,0.08469135802469137,3
heterogeneous_latent_dim_8,sample_weighted,f1,0.7872373400514462,0.05656146840401838,0.06400532685728823,3
heterogeneous_latent_dim_8,sample_weighted,roc_auc,0.7919784233775059,0.01482300544185513,0.016773809716826522,3
heterogeneous_latent_dim_8,sample_weighted,pr_auc,0.8892159175170722,0.034549222361835594,0.039096125548560116,3
heterogeneous_latent_dim_8,sample_weighted,brier_score,0.14086299671566596,0.06752502014103202,0.0764117535687011,3
heterogeneous_latent_dim_8,sample_weighted,ece,0.16388979092787168,0.08611834528689902,0.09745208167377031,3
homogeneous_fedavg_alexnet,hospital,accuracy,0.8191526246446155,0.03397880552809197,0.022199486278353418,9
homogeneous_fedavg_alexnet,hospital,precision,0.8098544973544973,0.09960361925215364,0.06507436457807371,9
homogeneous_fedavg_alexnet,hospital,recall,0.8869047619047619,0.05231665425966349,0.03418021411631348,9
homogeneous_fedavg_alexnet,hospital,sensitivity,0.8869047619047619,0.05231665425966349,0.03418021411631348,9
homogeneous_fedavg_alexnet,hospital,specificity,0.5123809523809524,0.391866282899498,0.25601930482767205,9
homogeneous_fedavg_alexnet,hospital,f1,0.8407362945178072,0.03136792948488335,0.02049371393012379,9
homogeneous_fedavg_alexnet,hospital,roc_auc,0.675515873015873,0.382415016754942,0.24984447761322878,9
homogeneous_fedavg_alexnet,hospital,pr_auc,0.8923048967348373,0.0665264484556717,0.04346394632437217,9
homogeneous_fedavg_alexnet,hospital,brier_score,0.13855451738602587,0.023875085225267333,0.015598389013841323,9
homogeneous_fedavg_alexnet,hospital,ece,0.20573776580468744,0.06312194073185083,0.04123966794480921,9
homogeneous_fedavg_alexnet,macro,accuracy,0.8191526246446156,0.0,0.0,3
homogeneous_fedavg_alexnet,macro,precision,0.8098544973544973,0.0,0.0,3
homogeneous_fedavg_alexnet,macro,recall,0.8869047619047619,0.0,0.0,3
homogeneous_fedavg_alexnet,macro,sensitivity,0.8869047619047619,0.0,0.0,3
homogeneous_fedavg_alexnet,macro,specificity,0.5123809523809524,0.0,0.0,3
homogeneous_fedavg_alexnet,macro,f1,0.8407362945178072,0.0,0.0,3
homogeneous_fedavg_alexnet,macro,roc_auc,0.6755158730158729,0.0,0.0,3
homogeneous_fedavg_alexnet,macro,pr_auc,0.8923048967348371,0.0,0.0,3
homogeneous_fedavg_alexnet,macro,brier_score,0.13855451738602587,0.0,0.0,3
homogeneous_fedavg_alexnet,macro,ece,0.20573776580468742,0.0,0.0,3
homogeneous_fedavg_alexnet,sample_weighted,accuracy,0.8256880733944955,0.0,0.0,3
homogeneous_fedavg_alexnet,sample_weighted,precision,0.7788244502694045,0.0,0.0,3
homogeneous_fedavg_alexnet,sample_weighted,recall,0.9003931847968545,0.0,0.0,3
homogeneous_fedavg_alexnet,sample_weighted,sensitivity,0.9003931847968545,0.0,0.0,3
homogeneous_fedavg_alexnet,sample_weighted,specificity,0.7592592592592592,1.3597399555105182e-16,1.5386906095100995e-16,3
homogeneous_fedavg_alexnet,sample_weighted,f1,0.8307433064969109,1.3597399555105182e-16,1.5386906095100995e-16,3
homogeneous_fedavg_alexnet,sample_weighted,roc_auc,0.7974093490607252,0.0,0.0,3
homogeneous_fedavg_alexnet,sample_weighted,pr_auc,0.8886998833570571,1.3597399555105182e-16,1.5386906095100995e-16,3
homogeneous_fedavg_alexnet,sample_weighted,brier_score,0.1309499168055816,0.0,0.0,3
homogeneous_fedavg_alexnet,sample_weighted,ece,0.18574506666408766,0.0,0.0,3
homogeneous_fedavg_resnet,hospital,accuracy,0.7090354344358921,0.13790271911649465,0.09009644315610983,9
homogeneous_fedavg_resnet,hospital,precision,0.7875982042648709,0.09329869274465508,0.06095514592650798,9
homogeneous_fedavg_resnet,hospital,recall,0.7367724867724869,0.1515358717708732,0.09900343622363715,9
homogeneous_fedavg_resnet,hospital,sensitivity,0.7367724867724869,0.1515358717708732,0.09900343622363715,9
homogeneous_fedavg_resnet,hospital,specificity,0.5123809523809524,0.391866282899498,0.25601930482767205,9
homogeneous_fedavg_resnet,hospital,f1,0.7437739463601533,0.04441840030778936,0.029020021534422385,9
homogeneous_fedavg_resnet,hospital,roc_auc,0.6785152116402116,0.3012692937935783,0.1968292719451378,9
homogeneous_fedavg_resnet,hospital,pr_auc,0.8356857267205517,0.11470578704854063,0.07494111420504655,9
homogeneous_fedavg_resnet,hospital,brier_score,0.2309505959413945,0.11949118464481871,0.07806757396794822,9
homogeneous_fedavg_resnet,hospital,ece,0.2577942253494912,0.14723146185391758,0.09619122174455948,9
homogeneous_fedavg_resnet,macro,accuracy,0.7090354344358921,0.0,0.0,3
homogeneous_fedavg_resnet,macro,precision,0.7875982042648709,0.0,0.0,3
homogeneous_fedavg_resnet,macro,recall,0.7367724867724869,0.0,0.0,3
homogeneous_fedavg_resnet,macro,sensitivity,0.7367724867724869,0.0,0.0,3
homogeneous_fedavg_resnet,macro,specificity,0.5123809523809524,0.0,0.0,3
homogeneous_fedavg_resnet,macro,f1,0.7437739463601533,0.0,0.0,3
homogeneous_fedavg_resnet,macro,roc_auc,0.6785152116402116,0.0,0.0,3
homogeneous_fedavg_resnet,macro,pr_auc,0.8356857267205519,0.0,0.0,3
homogeneous_fedavg_resnet,macro,brier_score,0.23095059594139453,0.0,0.0,3
homogeneous_fedavg_resnet,macro,ece,0.2577942253494912,0.0,0.0,3
homogeneous_fedavg_resnet,sample_weighted,accuracy,0.7522935779816514,0.0,0.0,3
homogeneous_fedavg_resnet,sample_weighted,precision,0.7581935563586941,0.0,0.0,3
homogeneous_fedavg_resnet,sample_weighted,recall,0.7814183777486529,1.3597399555105182e-16,1.5386906095100995e-16,3
homogeneous_fedavg_resnet,sample_weighted,sensitivity,0.7814183777486529,1.3597399555105182e-16,1.5386906095100995e-16,3
homogeneous_fedavg_resnet,sample_weighted,specificity,0.7592592592592592,1.3597399555105182e-16,1.5386906095100995e-16,3
homogeneous_fedavg_resnet,sample_weighted,f1,0.7570652747020984,0.0,0.0,3
homogeneous_fedavg_resnet,sample_weighted,roc_auc,0.7745438328236492,1.3597399555105182e-16,1.5386906095100995e-16,3
homogeneous_fedavg_resnet,sample_weighted,pr_auc,0.8136306975874342,0.0,0.0,3
homogeneous_fedavg_resnet,sample_weighted,brier_score,0.19317408466143313,0.0,0.0,3
homogeneous_fedavg_resnet,sample_weighted,ece,0.211304308709885,0.0,0.0,3
local_alexnet,hospital,accuracy,0.8656357626609343,0.08032429198558119,0.05247853743057971,9
local_alexnet,hospital,precision,0.8334025795326105,0.1146602294681389,0.07491134991918409,9
local_alexnet,hospital,recall,0.8465608465608465,0.16316956557599677,0.10660411617631789,9
local_alexnet,hospital,sensitivity,0.8465608465608465,0.16316956557599677,0.10660411617631789,9
local_alexnet,hospital,specificity,0.5711111111111111,0.4293996626626348,0.28054111293958806,9
local_alexnet,hospital,f1,0.8382230010136987,0.13922027206288667,0.09095724441441928,9
local_alexnet,hospital,roc_auc,0.7019378306878306,0.3337567770559702,0.21805442767656716,9
local_alexnet,hospital,pr_auc,0.8829026610081975,0.08733724968001368,0.05706033645760893,9
local_alexnet,hospital,brier_score,0.10315856381969418,0.036812607111734855,0.024050903313000107,9
local_alexnet,hospital,ece,0.1262249106107636,0.04317085524208709,0.028204958758163562,9
local_alexnet,macro,accuracy,0.8656357626609342,0.02267789152615278,0.025662450083463784,3
local_alexnet,macro,precision,0.8334025795326104,0.02117115023939367,0.023957411807945174,3
local_alexnet,macro,recall,0.8465608465608465,0.05328898698011557,0.06030216551651189,3
local_alexnet,macro,sensitivity,0.8465608465608465,0.05328898698011557,0.06030216551651189,3
local_alexnet,macro,specificity,0.5711111111111111,0.008141789589353745,0.009213302245753407,3
local_alexnet,macro,f1,0.8382230010136987,0.03922194417711001,0.04438380805643808,3
local_alexnet,macro,roc_auc,0.7019378306878307,0.06572704571085548,0.07437715396703445,3
local_alexnet,macro,pr_auc,0.8829026610081973,0.024564335703826337,0.027797162628894204,3
local_alexnet,macro,brier_score,0.10315856381969418,0.0007339359788530123,0.0008305267445191268,3
local_alexnet,macro,ece,0.1262249106107636,0.01650136415554407,0.018673051392910846,3
local_alexnet,sample_weighted,accuracy,0.8470948012232417,0.028027985901870583,0.031716651802364514,3
local_alexnet,sample_weighted,precision,0.8077521806609772,0.026419161185172218,0.029896095251165655,3
local_alexnet,sample_weighted,recall,0.8118537935051696,0.06484913161422158,0.07338370064460123,3
local_alexnet,sample_weighted,sensitivity,0.8118537935051696,0.06484913161422158,0.07338370064460123,3
local_alexnet,sample_weighted,specificity,0.8395061728395062,0.01069167165165972,0.012098765432098748,3
local_alexnet,sample_weighted,f1,0.8078335276969798,0.04804150612677629,0.05436408192935592,3
local_alexnet,sample_weighted,roc_auc,0.803747633610019,0.035549719134838904,0.04022829422774507,3
local_alexnet,sample_weighted,pr_auc,0.8742590159693928,0.019551511461261214,0.0221246179942375,3
local_alexnet,sample_weighted,brier_score,0.11127931564627475,0.0010785240619129003,0.0012204648686468872,3
local_alexnet,sample_weighted,ece,0.13331960857666414,0.0197841005261994,0.022387817298372647,3
local_mlp,hospital,accuracy,0.8436134803411692,0.09186210966120545,0.06001657831198756,9
local_mlp,hospital,precision,0.8446558033332835,0.09376097224525498,0.06125716853356659,9
local_mlp,hospital,recall,0.8555996472663139,0.12429541193687493,0.08120633579875829,9
local_mlp,hospital,sensitivity,0.8555996472663139,0.12429541193687493,0.08120633579875829,9
local_mlp,hospital,specificity,0.6674603174603174,0.3840983198015534,0.25094423560368156,9
local_mlp,hospital,f1,0.8431872804831486,0.08095563642659923,0.05289101579871149,9
local_mlp,hospital,roc_auc,0.7437444885361553,0.309881431131218,0.20245586833906246,9
local_mlp,hospital,pr_auc,0.9126961012778101,0.05722113529800604,0.03738447506136395,9
local_mlp,hospital,brier_score,0.13298136876750352,0.06153665418304424,0.0402039473995889,9
local_mlp,hospital,ece,0.18568645416924992,0.1439192237563392,0.09402722618747494,9
local_mlp,macro,accuracy,0.8436134803411691,0.06714708199197221,0.07598407629219153,3
local_mlp,macro,precision,0.8446558033332834,0.0026775364821326835,0.0030299177610997228,3
local_mlp,macro,recall,0.855599647266314,0.0696114247609354,0.0787727426558229,3
local_mlp,macro,sensitivity,0.855599647266314,0.0696114247609354,0.0787727426558229,3
local_mlp,macro,specificity,0.6674603174603174,0.17746791306117488,0.20082384886164523,3
local_mlp,macro,f1,0.8431872804831485,0.04564498972821708,0.05165216832921792,3
local_mlp,macro,roc_auc,0.7437444885361552,0.08738034318519994,0.09888016673331985,3
local_mlp,macro,pr_auc,0.9126961012778102,0.013821309347009775,0.0156402838772164,3
local_mlp,macro,brier_score,0.13298136876750352,0.03646945179456415,0.041269069709147795,3
local_mlp,macro,ece,0.18568645416924992,0.07180542653638113,0.08125548938650887,3
local_mlp,sample_weighted,accuracy,0.8440366972477064,0.03998989856459335,0.04525283025422225,3
local_mlp,sample_weighted,precision,0.8161186064639923,0.010725870199451032,0.012137464732014236,3
local_mlp,sample_weighted,recall,0.853113926508422,0.03426116646651735,0.038770159617100966,3
local_mlp,sample_weighted,sensitivity,0.853113926508422,0.03426116646651735,0.038770159617100966,3
local_mlp,sample_weighted,specificity,0.8271604938271605,0.010691671651659785,0.012098765432098821,3
local_mlp,sample_weighted,f1,0.8298358798486359,0.027640900178926425,0.03127862307153562,3
local_mlp,sample_weighted,roc_auc,0.8332089461676618,0.045560685448979246,0.05155676905652679,3
local_mlp,sample_weighted,pr_auc,0.9065945387960378,0.00897304569841398,0.010153957084883045,3
local_mlp,sample_weighted,brier_score,0.12323720810892014,0.020200406645876638,0.022858912020884095,3
local_mlp,sample_weighted,ece,0.1611893745338607,0.032462321530038064,0.03673457494481982,3
local_resnet,hospital,accuracy,0.8292940850149088,0.1025868221650557,0.06702339048116972,9
local_resnet,hospital,precision,0.8139872466205456,0.11215311877294211,0.07327337093165551,9
local_resnet,hospital,recall,0.7857142857142857,0.26611952931571925,0.17386475915293656,9
local_resnet,hospital,sensitivity,0.7857142857142857,0.26611952931571925,0.17386475915293656,9
local_resnet,hospital,specificity,0.541111111111111,0.41981760967928133,0.2742808383237971,9
local_resnet,hospital,f1,0.7759040623533378,0.20265789983896434,0.13240316122812337,9
local_resnet,hospital,roc_auc,0.6664649470899471,0.3490898904918291,0.228072061787995,9
local_resnet,hospital,pr_auc,0.859544861266945,0.07582174315696733,0.04953687219588532,9
local_resnet,hospital,brier_score,0.12695716491975798,0.05793843852282297,0.037853113168244336,9
local_resnet,hospital,ece,0.14440716974032697,0.0647884350207215,0.04232844421353804,9
local_resnet,macro,accuracy,0.8292940850149088,0.02984124282715717,0.033768545175255876,3
local_resnet,macro,precision,0.8139872466205454,0.030842232419285923,0.03490127153178011,3
local_resnet,macro,recall,0.7857142857142857,0.09151214386175675,0.10355573934970184,3
local_resnet,macro,sensitivity,0.7857142857142857,0.09151214386175675,0.10355573934970184,3
local_resnet,macro,specificity,0.5411111111111111,0.04148691385441949,0.046946862528123974,3
local_resnet,macro,f1,0.7759040623533378,0.06269092859637375,0.07094146402169343,3
local_resnet,macro,roc_auc,0.666464947089947,0.07043007374604525,0.07969913119119587,3
local_resnet,macro,pr_auc,0.859544861266945,0.03278398074291029,0.03709856660977246,3
local_resnet,macro,brier_score,0.12695716491975798,0.01799519228395814,0.020363477054154124,3
local_resnet,macro,ece,0.144407169740327,0.016859171538839608,0.019077948563475722,3
local_resnet,sample_weighted,accuracy,0.8012232415902142,0.03707754022318698,0.041957186544342516,3
local_resnet,sample_weighted,precision,0.7815563017595757,0.03882197563911145,0.04393120104799962,3
local_resnet,sample_weighted,recall,0.7378768020969856,0.11067858020542054,0.12524460382724525,3
local_resnet,sample_weighted,sensitivity,0.7378768020969856,0.11067858020542054,0.12524460382724525,3
local_resnet,sample_weighted,specificity,0.8024691358024691,0.05952870840119105,0.06736307500707925,3
local_resnet,sample_weighted,f1,0.7307517084581304,0.07585247743642363,0.08583515860257364,3
local_resnet,sample_weighted,roc_auc,0.7724483034804136,0.04313077451550771,0.048807065982695436,3
local_resnet,sample_weighted,pr_auc,0.8472806305191932,0.036167030517043515,0.04092684781741679,3
local_resnet,sample_weighted,brier_score,0.14262056534220283,0.023632686119705364,0.026742901878056217,3
local_resnet,sample_weighted,ece,0.15699680548286582,0.019333373754724766,0.02187777194160262,3
local_xgboost,hospital,accuracy,0.8508367427131729,0.045725885620661204,0.029874245272165322,9
local_xgboost,hospital,precision,0.8118577075098814,0.12122985396630054,0.07920350459131635,9
local_xgboost,hospital,recall,0.9027777777777778,0.03466548652709553,0.022648117864369082,9
local_xgboost,hospital,sensitivity,0.9027777777777778,0.03466548652709553,0.022648117864369082,9
local_xgboost,hospital,specificity,0.5299999999999999,0.39980479930963864,0.26120580221563056,9
local_xgboost,hospital,f1,0.8521324447477038,0.0821347194262228,0.053661350025132226,9
local_xgboost,hospital,roc_auc,0.8158906525573193,0.16795537052801227,0.10973084207830135,9
local_xgboost,hospital,pr_auc,0.9159181471390774,0.057883388628799756,0.03781714723748251,9
local_xgboost,hospital,brier_score,0.11799153116501684,0.011135732671500087,0.007275345345380057,9
local_xgboost,hospital,ece,0.1854313694461076,0.06529468743314629,0.042659195789655574,9
local_xgboost,macro,accuracy,0.850836742713173,0.0044719832794062565,0.005060525470346347,3
local_xgboost,macro,precision,0.8118577075098813,0.0093003745635565,0.010524364565354041,3
local_xgboost,macro,recall,0.9027777777777777,0.009164289987136885,0.010370370370370335,3
local_xgboost,macro,sensitivity,0.9027777777777777,0.009164289987136885,0.010370370370370335,3
local_xgboost,macro,specificity,0.5299999999999999,0.011904761904761918,0.013471506281091283,3
local_xgboost,macro,f1,0.8521324447477038,0.0034327356944520975,0.003884506119407561,3
local_xgboost,macro,roc_auc,0.8158906525573192,0.004739957983665641,0.005363767394921072,3
local_xgboost,macro,pr_auc,0.9159181471390775,0.0016231797093299316,0.001836800754564558,3
local_xgboost,macro,brier_score,0.11799153116501687,0.00034596955862350803,0.00039150141089328884,3
local_xgboost,macro,ece,0.1854313694461076,0.009617053571809872,0.010882720598251145,3
local_xgboost,sample_weighted,accuracy,0.8409785932721713,0.005296791460455315,0.0059938837920489665,3
local_xgboost,sample_weighted,precision,0.781660643128533,0.01119261129217612,0.012665631999246547,3
local_xgboost,sample_weighted,recall,0.8929663608562691,0.011602495580044966,0.013129459734964394,3
local_xgboost,sample_weighted,sensitivity,0.8929663608562691,0.011602495580044966,0.013129459734964394,3
local_xgboost,sample_weighted,specificity,0.7777777777777778,0.01851851851851849,0.02095567643725305,3
local_xgboost,sample_weighted,f1,0.831009415431052,0.004094598002372873,0.004633473827430833,3
local_xgboost,sample_weighted,roc_auc,0.869353914858502,0.001981955809349785,0.0022427941312980807,3
local_xgboost,sample_weighted,pr_auc,0.903152784260503,0.0017971275079849284,0.0020336412189862325,3
local_xgboost,sample_weighted,brier_score,0.11607321822696226,0.00047300944320232145,0.0005352605735497067,3
local_xgboost,sample_weighted,ece,0.16639426093127022,0.012034151250289867,0.01361792410909411,3
